1415	n	I don't like it when mathematicians who know much more than I do can't express themselves explicitly.	Ich mag es nicht, wenn Mathematiker, die viel mehr wissen als ich, sich nicht klar ausdrücken können.	Ich mag es nicht, wenn Mathematiker, die viel mehr wissen als ich, sich nicht deutlich ausdrücken können.	Ich mag es nicht, wenn Mathematiker, die viel mehr als ich wissen, sich nicht genau ausdrücken können.	I don't like it when mathematicians, who know much more than I do, can't express themselves clearly.	I don't like it when mathematicians, who know much more than I do, can't express themselves clearly.	YES	YES
1502	n	I wish I could care more about my grades but it seems that, at a certain point of my life, I decided they wouldn't be so important anymore.	Ich wünschte, ich könnte mir mehr um meine Noten Sorgen machen, aber es scheint, dass ich an einem bestimmten Punkt in meinem Leben entschieden habe, dass sie nicht mehr so wichtig sein würden.	Ich wünschte, ich könnte mehr Wert auf meine Noten legen, aber es scheint, dass ich an einem bestimmten Punkt in meinem Leben entschieden habe, dass sie nicht mehr so wichtig sind.	Ich wünschte, ich könnte mir mehr aus Noten machen, aber scheinbar habe ich an einem gewissen Punkt in meinem Leben entschieden, dass es nicht mehr so wichtig sei.	I wish I could place more value on my grades, but it seems that at a certain point in my life, I decided that they are not so important anymore.	I wish I could place more value on my grades, but it seems that at a certain point in my life, I decided that they are not so important anymore.	YES	YES
1623	n	The mandatory character of schooling is rarely analyzed in the multitude of works dedicated to the study of the various ways to develop within children the desire to learn.	Der verpflichtende Charakter der Schulausbildung wird selten in der Vielzahl von Arbeiten analysiert, die der Erforschung der verschiedenen Wege gewidmet sind, bei Kindern den Wunsch zu lernen zu entwickeln.	Der verpflichtende Charakter der Schulausbildung wird selten in der Vielzahl von Arbeiten analysiert, die der Untersuchung der verschiedenen Wege gewidmet sind, um bei Kindern den Wunsch zu lernen zu entwickeln.	Die Verpflichtung zum Schulbesuch wird selten analysiert in der Vielzahl der Werke, die den mannigfaltigen Arten gewidmet sind, bei Kindern den Wunsch zu lernen zu entwickeln.	The mandatory nature of school education is rarely analyzed in the multitude of studies dedicated to exploring the various ways to develop a desire to learn in children.	The mandatory nature of school education is rarely analyzed in the multitude of studies dedicated to exploring the various ways to develop a desire to learn in children.	YES	YES
1684	n	If you don't want to put on sunscreen, that's your problem. Just don't come complaining to me when you get a sunburn.	Wenn du keine Sonnencreme auftragen willst, ist das dein Problem. Beschwere dich aber nicht bei mir, wenn du einen Sonnenbrand bekommst.	Wenn du keine Sonnencreme auftragen willst, ist das dein Problem. Beschwere dich einfach nicht bei mir, wenn du einen Sonnenbrand bekommst.	Wenn du dich nicht mit Sonnencreme eincremen willst, ist das deine Sache. Aber beschwer' dich später nicht bei mir, wenn du Sonnenbrand hast.	If you don't want to apply sunscreen, that's your problem. Just don't complain to me if you get sunburned.	If you don't want to apply sunscreen, that's your problem. Just don't complain to me if you get sunburned.	YES	YES
1695	n	Mathematics is the part of science you could continue to do if you woke up tomorrow and discovered the universe was gone.	Mathematik ist der Teil der Wissenschaft, den du weiterhin betreiben könntest, wenn du morgen aufwachen würdest und entdecken würdest, dass das Universum verschwunden ist.	Mathematik ist der Teil der Wissenschaft, den Sie weiterhin betreiben könnten, wenn Sie morgen aufwachen und entdecken, dass das Universum verschwunden ist.	Die Mathematik ist der Teil der Wissenschaft, den man weiter betreiben könnte, wenn man morgen aufwachen würde und entdecken würde, dass das Universum weg ist.	Mathematics is the part of science that you could continue to pursue if you woke up tomorrow and discovered that the universe had disappeared.	Mathematics is the part of science that you could continue to pursue if you woke up tomorrow and discovered that the universe had disappeared.	YES	YES
1725	n	If you're tired, why don't you go to sleep? "Because if I go to sleep now I will wake up too early."	Wenn du müde bist, warum gehst du dann nicht schlafen? Weil ich, wenn ich jetzt schlafen gehe, zu früh aufwachen werde.	Wenn du müde bist, warum gehst du nicht schlafen? Weil ich, wenn ich jetzt schlafe, zu früh aufwachen werde.	Wenn du müde bist, wieso gehst du nicht schlafen? "Weil ich zu früh aufwachen werde, wenn ich jetzt schlafen gehe."	If you're tired, why don't you go to sleep? Because if I sleep now, I will wake up too early.	If you're tired, why don't you go to sleep? Because if I sleep now, I will wake up too early.	YES	YES
1728	e	When the body is touched, receptors in the skin send messages to the brain causing the release of chemicals such as endorphins.	Wenn der Körper berührt wird, senden Rezeptoren in der Haut Nachrichten an das Gehirn, was zur Freisetzung von Chemikalien wie Endorphinen führt.	Wenn der Körper berührt wird, senden Rezeptoren in der Haut Nachrichten an das Gehirn, was zur Freisetzung von Chemikalien wie Endorphinen führt.	Wenn der Körper berührt wird, schicken Rezeptoren in der Haut Nachrichten zum Gehirn und verursachen die Ausschüttung von chemischen Stoffen wie Endorphinen.	When the body is touched, receptors in the skin send messages to the brain, leading to the release of chemicals such as endorphins.	When the body is touched, receptors in the skin send messages to the brain, leading to the release of chemicals such as endorphins.	YES	YES
1735	e	The French government has launched an online game that challenges taxpayers to balance the national budget.	Die französische Regierung hat ein Online-Spiel gestartet, das die Steuerzahler herausfordert, den nationalen Haushalt auszugleichen.	Die französische Regierung hat ein Online-Spiel gestartet, das die Steuerzahler herausfordert, den nationalen Haushalt auszugleichen.	Die französische Regierung hat ein Online-Spiel auf den Markt gebracht, das Steuerzahler auffordert, den Staatshaushalt auszugleichen.	The French government has launched an online game that challenges taxpayers to balance the national budget.	The French government has launched an online game that challenges taxpayers to balance the national budget.	YES	YES
1794	n	Mathematicians are like French people: whatever you tell them they translate it into their own language and turn it into something totally different.	Mathematiker sind wie Franzosen: Was auch immer Sie ihnen sagen, sie übersetzen es in ihre eigene Sprache und verwandeln es in etwas völlig anderes.	Mathematiker sind wie Franzosen: Was auch immer Sie ihnen erzählen, sie übersetzen es in ihre eigene Sprache und verwandeln es in etwas völlig anderes.	Die Mathematiker sind eine Art Franzosen: redet man zu ihnen, so übersetzen sie es in ihre Sprache, und dann ist es alsobald ganz etwas anders.	Mathematicians are like the French: whatever you tell them, they translate it into their own language and turn it into something completely different.	Mathematicians are like the French: whatever you tell them, they translate it into their own language and turn it into something completely different.	YES	YES
1795	n	An expert is someone who knows some of the worst mistakes that can be made in his field, and how to avoid them.	Ein Experte ist jemand, der einige der schlimmsten Fehler kennt, die in seinem Fachgebiet gemacht werden können, und weiß, wie man sie vermeidet.	Ein Experte ist jemand, der einige der schlimmsten Fehler kennt, die in seinem Bereich gemacht werden können, und wie man sie vermeidet.	Ein Experte ist jemand, der die schlimmsten Fehler kennt, die in seinem Gebiet gemacht werden können und weiß, wie man sie vermeidet.	An expert is someone who knows some of the worst mistakes that can be made in his field, and how to avoid them.	An expert is someone who knows some of the worst mistakes that can be made in his field, and how to avoid them.	YES	YES
1799	e	Nowadays we want our children to make their own decisions, but we expect those decisions to please us.	Heutzutage wollen wir, dass unsere Kinder ihre eigenen Entscheidungen treffen, aber wir erwarten, dass diese Entscheidungen uns gefallen.	Heutzutage wollen wir, dass unsere Kinder ihre eigenen Entscheidungen treffen, aber wir erwarten, dass diese Entscheidungen uns gefallen.	Heutzutage wollen wir, dass unsere Kinder ihre eigenen Entscheidungen treffen, aber wir erwarten, dass uns diese Entscheidungen passen.	Nowadays, we want our children to make their own decisions, but we expect those decisions to please us.	Nowadays, we want our children to make their own decisions, but we expect those decisions to please us.	YES	YES
1815	n	When I ask people what they regret most about high school, they nearly all say the same thing: that they wasted so much time.	Wenn ich Leute frage, was sie am meisten an der Highschool bereuen, sagen fast alle das Gleiche: dass sie so viel Zeit verschwendet haben.	Wenn ich Leute frage, was sie am meisten an der High School bereuen, sagen fast alle das Gleiche: dass sie so viel Zeit verschwendet haben.	Wenn ich Leute frage, was sie in Bezug aufs Gymnasium am meisten bedauern, sagen fast alle das Gleiche: dass sie so viel Zeit verschwendet haben.	When I ask people what they regret most about high school, almost everyone says the same thing: that they wasted so much time.	When I ask people what they regret most about high school, almost everyone says the same thing: that they wasted so much time.	YES	YES
1828	n	At the age of six he had learned to use the typewriter and told the teacher that he did not need to learn to write by hand.	Im Alter von sechs Jahren hatte er gelernt, die Schreibmaschine zu benutzen und sagte dem Lehrer, dass er nicht lernen müsse, mit der Hand zu schreiben.	Im Alter von sechs Jahren hatte er gelernt, die Schreibmaschine zu benutzen und sagte dem Lehrer, dass er nicht lernen müsse, von Hand zu schreiben.	Im Alter von sechs Jahren hatte er gelernt, eine Schreibmaschine zu bedienen und er erklärte dem Lehrer, dass er nicht lernen müsste, mit der Hand zu schreiben.	At the age of six, he had learned to use the typewriter and told the teacher that he did not need to learn to write by hand.	At the age of six, he had learned to use the typewriter and told the teacher that he did not need to learn to write by hand.	YES	YES
1842	e	If you know that something unpleasant will happen, that you will go to the dentist for example, or to France, then that is not good.	Wenn Sie wissen, dass etwas Unangenehmes passieren wird, dass Sie zum Beispiel zum Zahnarzt gehen oder nach Frankreich, dann ist das nicht gut.	Wenn Sie wissen, dass etwas Unangenehmes passieren wird, dass Sie zum Beispiel zum Zahnarzt gehen oder nach Frankreich, dann ist das nicht gut.	Wenn man weiß, dass etwas Unangenehmes geschehen wird, dass man zum Beispiel zum Zahnarzt oder nach Frankreich gehen wird, dann ist das nicht gut.	If you know that something unpleasant is going to happen, like for example going to the dentist or to France, then that's not good.	If you know that something unpleasant is going to happen, like for example going to the dentist or to France, then that's not good.	YES	YES
1844	e	Prime numbers are like life; they are completely logical, but impossible to find the rules for, even if you spend all your time thinking about it.	Primzahlen sind wie das Leben; sie sind völlig logisch, aber es ist unmöglich, die Regeln dafür zu finden, selbst wenn man seine ganze Zeit damit verbringt, darüber nachzudenken.	Primzahlen sind wie das Leben; sie sind völlig logisch, aber es ist unmöglich, die Regeln dafür zu finden, selbst wenn man seine ganze Zeit damit verbringt, darüber nachzudenken.	Primzahlen sind wie das Leben, sie sind völlig logisch, aber es ist unmöglich, Regeln für sie zu finden, selbst wenn man seine ganze Zeit dem Nachdenken darüber widmet.	Prime numbers are like life; they are completely logical, but it is impossible to find the rules for them, even if one spends all their time thinking about it.	Prime numbers are like life; they are completely logical, but it is impossible to find the rules for them, even if one spends all their time thinking about it.	YES	YES
1845	n	If you raise an eyebrow, it can mean "I want to have sex with you", but also "I find that what you just said is completely idiotic."	Wenn du eine Augenbraue hochziehst, kann das bedeuten Ich möchte mit dir schlafen, aber auch Ich finde, was du gerade gesagt hast, ist völlig idiotisch.	Wenn Sie eine Augenbraue hochziehen, kann das bedeuten Ich möchte mit dir schlafen, aber auch Ich finde, was du gerade gesagt hast, ist völlig idiotisch.	Wenn man eine Augenbraue hochzieht, kann das bedeuten "Ich habe Lust, mit dir Sex zu haben", aber auch "Ich finde, dass das, was du gerade gesagt hast, vollkommen idiotisch ist."	If you raise an eyebrow, it can mean I want to sleep with you, but also I think what you just said is completely idiotic.	If you raise an eyebrow, it can mean I want to sleep with you, but also I think what you just said is completely idiotic.	YES	YES
1856	e	There are people in the world so hungry, that God cannot appear to them except in the form of bread.	Es gibt Menschen auf der Welt, die so hungrig sind, dass Gott ihnen nur in Form von Brot erscheinen kann.	Es gibt Menschen auf der Welt, die so hungrig sind, dass Gott ihnen nur in Form von Brot erscheinen kann.	Es gibt Leute auf der Welt, die so hungrig sind, dass Gott ihnen nicht erscheinen kann, außer in Form von Brot.	There are people in the world who are so hungry that God can only appear to them in the form of bread.	There are people in the world who are so hungry that God can only appear to them in the form of bread.	YES	YES
1903	n	Denying she was an anarchist, Katja maintained she wished only to make changes in our government, not to destroy it.	Sie bestritt, eine Anarchistin zu sein, Katja behauptete, sie wolle nur Veränderungen in unserer Regierung herbeiführen, nicht sie zerstören.	Sie bestritt, eine Anarchistin zu sein, Katja behauptete, sie wolle nur Änderungen in unserer Regierung vornehmen, nicht sie zerstören.	Katja leugnete, dass sie eine Anarchistin war, indem sie behauptete, dass sie nur wünschte, Veränderung in unserer Regierung zu machen, nicht, sie zu zerstören.	She denied being an anarchist, Katja claimed, she only wanted to make changes in our government, not destroy it.	She denied being an anarchist, Katja claimed, she only wanted to make changes in our government, not destroy it.	YES	YES
1904	n	Blindness is responsible for a staggering toll of poor health, suffering, and loss of dignity and diminution in the quality of lives of people worldwide.	Blindheit ist verantwortlich für eine erschütternde Anzahl von Gesundheitsproblemen, Leiden und Verlust von Würde und Verminderung der Lebensqualität von Menschen weltweit.	Blindheit ist verantwortlich für eine erschütternde Bilanz an schlechter Gesundheit, Leiden und Verlust von Würde und Verminderung der Lebensqualität von Menschen weltweit.	Blindheit ist verantwortlich für eine erschütternde Anzahl von Opfern schlechter Gesundheit, Leiden und Verlust von Würde und Verminderung der Lebensqualität von Menschen in der ganzen Welt.	Blindness is responsible for a staggering record of poor health, suffering, and loss of dignity, and reduction in the quality of life of people worldwide.	Blindness is responsible for a staggering record of poor health, suffering, and loss of dignity, and reduction in the quality of life of people worldwide.	YES	YES
1907	n	David has a keen interest in aesthetics — the qualities that make a painting, sculpture, musical composition, or poem pleasing to the eye, ear, or mind.	David hat ein ausgeprägtes Interesse an Ästhetik - die Qualitäten, die ein Gemälde, eine Skulptur, eine musikalische Komposition oder ein Gedicht für das Auge, Ohr oder den Verstand ansprechend machen.	David hat ein ausgeprägtes Interesse an Ästhetik - den Eigenschaften, die ein Gemälde, eine Skulptur, eine musikalische Komposition oder ein Gedicht für das Auge, Ohr oder den Verstand angenehm machen.	David hat ein leidenschaftliches Interesse an Ästhetik - den Eigenschaften, die ein Gemälde, eine Skulptur, eine musikalische Komposition oder ein Gedicht Auge, Ohr oder Geist gefallen lassen.	David has a pronounced interest in aesthetics - the properties that make a painting, a sculpture, a musical composition, or a poem pleasing to the eye, ear, or mind.	David has a pronounced interest in aesthetics - the properties that make a painting, a sculpture, a musical composition, or a poem pleasing to the eye, ear, or mind.	YES	YES
1908	n	Despite Trang's constant affirmations of love, Spenser is still afraid someday she will fall out of love with him.	Trotz Trangs ständigen Liebesbekundungen hat Spenser immer noch Angst, dass sie eines Tages aufhören könnte, ihn zu lieben.	Trotz Trangs ständigen Liebesbekundungen hat Spenser immer noch Angst, dass sie eines Tages nicht mehr in ihn verliebt sein wird.	Trotz Trangs regelmäßigen Liebesbeteuerungen hat Spenser immer noch Angst, dass sie irgendwann aufhören wird, ihn zu lieben.	Despite Trang's constant declarations of love, Spenser is still afraid that one day she will no longer be in love with him.	Despite Trang's constant declarations of love, Spenser is still afraid that one day she will no longer be in love with him.	YES	YES
1918	n	The discrepancy between the stories of the two parties involved in the accident was so great that the authorities had a hard time deciding which side was telling the truth.	Die Diskrepanz zwischen den Geschichten der beiden am Unfall beteiligten Parteien war so groß, dass die Behörden Schwierigkeiten hatten zu entscheiden, welche Seite die Wahrheit sagte.	Die Diskrepanz zwischen den Geschichten der beiden an dem Unfall beteiligten Parteien war so groß, dass die Behörden Schwierigkeiten hatten zu entscheiden, welche Seite die Wahrheit erzählte.	Die Unstimmigkeit zwischen den Geschichten der zwei Unfallbeteiligten war so groß, dass die Behörden Schwierigkeiten hatten, zu entscheiden, welche Seite die Wahrheit erzählte.	The discrepancy between the stories of the two parties involved in the accident was so great that the authorities had difficulty deciding which side was telling the truth.	The discrepancy between the stories of the two parties involved in the accident was so great that the authorities had difficulty deciding which side was telling the truth.	YES	YES
1931	n	Spenser's sarcastic and joking remarks are often misinterpreted as signs of ambivalence and often taken too seriously.	Spensers sarkastische und scherzhafte Bemerkungen werden oft falsch als Zeichen von Ambivalenz interpretiert und oft zu ernst genommen.	Spensers sarkastische und scherzhafte Bemerkungen werden oft als Zeichen von Ambivalenz fehlinterpretiert und oft zu ernst genommen.	Spensers sarkastische und scherzhafte Bemerkungen werden oft als Zeichen von Doppelwertigkeit missinterpretiert und zu ernst genommen.	Spenser's sarcastic and joking remarks are often misinterpreted as signs of ambivalence and often taken too seriously.	Spenser's sarcastic and joking remarks are often misinterpreted as signs of ambivalence and often taken too seriously.	YES	YES
1934	n	The convicted drug dealer was willing to comply with the authorities to have his death sentence reduced to a life sentence.	Der verurteilte Drogenhändler war bereit, mit den Behörden zusammenzuarbeiten, um seine Todesstrafe in eine lebenslange Haftstrafe umzuwandeln.	Der verurteilte Drogenhändler war bereit, mit den Behörden zu kooperieren, um seine Todesstrafe in eine lebenslange Haftstrafe umzuwandeln.	Der verurteilte Drogendealer war gewillt, sich den Behörden zu fügen, um seine Todesstrafe zu einer lebenslänglichen Freiheitsstrafe zu vermindern.	The convicted drug dealer was ready to cooperate with the authorities to convert his death sentence into a life sentence.	The convicted drug dealer was ready to cooperate with the authorities to convert his death sentence into a life sentence.	YES	YES
1935	n	I consider the Jehovah's witnesses who knock on my door all the time to be no different from religious zealots trying to force their beliefs on me.	Ich betrachte die Zeugen Jehovas, die ständig an meiner Tür klopfen, als nicht anders als religiöse Fanatiker, die versuchen, mir ihre Überzeugungen aufzuzwingen.	Ich betrachte die Zeugen Jehovas, die ständig an meine Tür klopfen, als nicht anders als religiöse Eiferer, die versuchen, mir ihre Überzeugungen aufzuzwingen.	Ich denke, dass die Zeugen Jehovas, die immer an meine Türe klopfen, keinen Unterschied machen zu den religiösen Fanatikern, die mir deren Glauben versuchen aufzudrängen.	I regard the Jehovah's Witnesses, who constantly knock on my door, as nothing more than religious zealots trying to impose their beliefs on me.	I regard the Jehovah's Witnesses, who constantly knock on my door, as nothing more than religious zealots trying to impose their beliefs on me.	YES	YES
1936	n	The war on Iraq is a volatile subject of political debate; any wrong word and a heated argument could spark.	Der Krieg im Irak ist ein brisantes Thema der politischen Debatte; ein falsches Wort und eine hitzige Diskussion könnte entfachen.	Der Krieg im Irak ist ein brisantes Thema der politischen Debatte; jedes falsche Wort könnte eine hitzige Diskussion entfachen.	Der Irakkrieg ist ein unberechenbares Thema der politischen Debatte; ein falsches Wort und ein Streit könnte sich entzünden.	The war in Iraq is a volatile topic in political debate; every wrong word could ignite a heated discussion.	The war in Iraq is a volatile topic in political debate; every wrong word could ignite a heated discussion.	NO. The German translation is not completely correct. The phrase "eine hitzige Diskussion könnte entfachen" is not a proper sentence in German. A better translation would be: "Der Krieg im Irak ist ein brisantes Thema der politischen Debatte; ein falsches Wort und ein hitziger Streit könnte entfachen."	YES
1937	e	My next door neighbor is a virtuoso whose skills with the piano have earned him a name among music experts.	Mein Nachbar von nebenan ist ein Virtuose, dessen Fähigkeiten am Klavier ihm einen Namen unter Musikexperten eingebracht haben.	Mein Nachbar von nebenan ist ein Virtuose, dessen Fähigkeiten am Klavier ihm einen Namen unter Musikexperten eingebracht haben.	Mein nächster Türnachbar ist ein Virtuose, dessen Geschick am Klavier ihm einen Namen unter den Musikexperten eingebracht hat.	My neighbor next door is a virtuoso, whose piano skills have earned him a name among music experts.	My neighbor next door is a virtuoso, whose piano skills have earned him a name among music experts.	YES	YES
1942	e	With the heirless king going crazy and royal family poisoned, the general of the army finally had his chance to usurp the throne.	Mit dem erbenlosen König, der verrückt wurde, und der vergifteten königlichen Familie, hatte der General der Armee endlich seine Chance, den Thron zu usurpieren.	Mit dem erbenlosen König, der verrückt wurde, und der vergifteten königlichen Familie, hatte der General der Armee endlich seine Chance, den Thron zu usurpieren.	Dass der erbenlose König wahnsinnig und die königliche Familie vergiftet wurde, verschaffte dem Armeegeneral die Gelegenheit, den Thron an sich zu reißen.	With the heirless king who went mad, and the poisoned royal family, the army general finally had his chance to usurp the throne.	With the heirless king who went mad, and the poisoned royal family, the army general finally had his chance to usurp the throne.	YES	YES
1943	e	The recent scandals involving altar boys and religious leaders have undermined the faith people have in the Church.	Die jüngsten Skandale, die Ministranten und religiöse Führer betreffen, haben den Glauben der Menschen an die Kirche untergraben.	Die jüngsten Skandale, die Ministranten und religiöse Führer betreffen, haben den Glauben der Menschen an die Kirche untergraben.	Die neulichen Skandale, in die Messdiener und religiöse Oberhäupter verwickelt waren, haben den Glauben, den die Leute in die Kirche haben, unterminiert.	The recent scandals involving altar servers and religious leaders have undermined people's faith in the church.	The recent scandals involving altar servers and religious leaders have undermined people's faith in the church.	YES	YES
1944	e	As the plane was approaching turbulence, the pilot asked the passengers aboard the plane to fasten their seat belts.	Als das Flugzeug Turbulenzen näher kam, bat der Pilot die Passagiere an Bord, ihre Sicherheitsgurte anzulegen.	Als das Flugzeug Turbulenzen näher kam, bat der Pilot die Passagiere an Bord, ihre Sicherheitsgurte anzulegen.	Als sich das Flugzeug Turbulenzen näherte, bat der Pilot die Passagiere an Bord des Flugzeugs, ihre Sitzgurte zu schließen.	As the airplane approached turbulence, the pilot asked the passengers on board to fasten their seat belts.	As the airplane approached turbulence, the pilot asked the passengers on board to fasten their seat belts.	YES	YES
1946	n	Though his stay in Europe was transient, Spenser felt he had learned much more about interactions with other people from traveling than he did at college.	Obwohl sein Aufenthalt in Europa nur von kurzer Dauer war, fühlte Spenser, dass er durch das Reisen viel mehr über den Umgang mit anderen Menschen gelernt hatte als auf dem College.	Obwohl sein Aufenthalt in Europa nur vorübergehend war, fühlte Spenser, dass er durch das Reisen viel mehr über den Umgang mit anderen Menschen gelernt hatte als im College.	Obwohl sein Aufenthalt in Europa kurzlebig war, fühlte Spenser, dass er vom Reisen mehr über Beziehungen mit anderen Menschen gelernt hatte, als er es im College getan hatte.	Although his stay in Europe was only temporary, Spenser felt that he had learned much more about dealing with other people through traveling than he had in college.	Although his stay in Europe was only temporary, Spenser felt that he had learned much more about dealing with other people through traveling than he had in college.	YES	YES
1950	e	If Spenser doesn't keep adding and translating sentences, the other contributors will surely surpass him.	Wenn Spenser nicht weiterhin Sätze hinzufügt und übersetzt, werden die anderen Mitwirkenden ihn sicherlich überholen.	Wenn Spenser nicht weiterhin Sätze hinzufügt und übersetzt, werden die anderen Mitwirkenden ihn sicherlich überholen.	Wenn Spenser nicht weiterhin Sätze hinzufügt und übersetzt, werden die anderen Mitwirkenden ihn sicher übertreffen.	If Spenser does not continue to add and translate sentences, the other contributors will surely surpass him.	If Spenser does not continue to add and translate sentences, the other contributors will surely surpass him.	YES	YES
1952	e	His essay gave only a superficial analysis of the problem, so it was a real surprise to him when he got the highest grade in the class.	Sein Aufsatz lieferte nur eine oberflächliche Analyse des Problems, daher war es eine echte Überraschung für ihn, als er die höchste Note in der Klasse bekam.	Sein Aufsatz lieferte nur eine oberflächliche Analyse des Problems, daher war es eine echte Überraschung für ihn, als er die höchste Note in der Klasse bekam.	Sein Aufsatz gab nur eine oberflächliche Analyse des Problems, daher war es eine richtige Überraschung für ihn, als er die beste Note in der Klasse bekam.	His essay provided only a superficial analysis of the problem, so it was a real surprise for him when he received the highest grade in the class.	His essay provided only a superficial analysis of the problem, so it was a real surprise for him when he received the highest grade in the class.	YES	YES
1954	e	Professors should explain everything in detail, not be succinct and always tell students to go home and read their books.	Professoren sollten alles im Detail erklären, nicht knapp sein und den Studenten immer sagen, sie sollen nach Hause gehen und ihre Bücher lesen.	Professoren sollten alles im Detail erklären, nicht knapp sein und den Studenten immer sagen, sie sollen nach Hause gehen und ihre Bücher lesen.	Professoren sollten alles im Detail erklären, nicht knapp sein und immer ihren Studenten auftragen, heimzugehen und ihre Bücher zu lesen.	Professors should explain everything in detail, not be brief, and always tell students to go home and read their books.	Professors should explain everything in detail, not be brief, and always tell students to go home and read their books.	YES	YES
1957	n	The people who come on the Maury Povich show often make pretentious claims about their lovers cheating on them.	Die Leute, die in die Maury Povich Show kommen, machen oft hochtrabende Behauptungen darüber, dass ihre Liebhaber sie betrügen.	Die Leute, die in die Maury Povich Show kommen, machen oft anmaßende Behauptungen darüber, dass ihre Liebhaber sie betrügen.		The people who come on the Maury Povich Show often make presumptuous claims about their lovers cheating on them.	The people who come on the Maury Povich Show often make presumptuous claims about their lovers cheating on them.	YES	YES
1958	e	It is a prevalent belief, according to a nationwide poll in the United States, that Muslims are linked with terrorism.	Es ist eine weit verbreitete Überzeugung, laut einer landesweiten Umfrage in den Vereinigten Staaten, dass Muslime mit Terrorismus in Verbindung gebracht werden.	Es ist eine weit verbreitete Überzeugung, laut einer landesweiten Umfrage in den Vereinigten Staaten, dass Muslime mit Terrorismus in Verbindung gebracht werden.	Laut einer landesweiten Umfrage in den USA ist es ein geläufiger Glaube, dass Moslems mit Terrorismus verbunden sind.	Laut einer landesweiten Umfrage ist es in den USA ein geläufiger Glaube, Muslime hätten etwas mit Terrorismus zu tun.	Laut einer landesweiten Umfrage ist es in den USA ein geläufiger Glaube, Muslime hätten etwas mit Terrorismus zu tun.	YES	YES
1959	e	My roommate is prodigal when it comes to spending money on movies; he buys them the day they're released, regardless of price.	Mein Mitbewohner ist verschwenderisch, wenn es um das Ausgeben von Geld für Filme geht; er kauft sie am Tag ihrer Veröffentlichung, unabhängig vom Preis.	Mein Mitbewohner ist verschwenderisch, wenn es um das Ausgeben von Geld für Filme geht; er kauft sie am Tag ihrer Veröffentlichung, unabhängig vom Preis.	Mein Zimmerkamerad ist verschwenderisch, was das Geldausgeben für Filme betrifft; er kauft sie am Tag, wo sie herauskommen, ohne Rücksicht auf den Preis.	My roommate is extravagant when it comes to spending money on movies; he buys them on the day of their release, regardless of the price.	My roommate is extravagant when it comes to spending money on movies; he buys them on the day of their release, regardless of the price.	YES	YES
1960	n	The profane language used on network television makes many parents with young children not want to subscribe to cable.	Die vulgäre Sprache, die im Netzwerkfernsehen verwendet wird, lässt viele Eltern mit kleinen Kindern nicht zum Kabelanschluss abonnieren wollen.	Die unflätige Sprache, die im Netzwerkfernsehen verwendet wird, lässt viele Eltern mit kleinen Kindern nicht an Kabelabonnements interessiert sein.	Wegen der lästerlichen Sprache im Network-Fernsehen wollen viele Eltern junger Kinder kein Kabelfernsehen.	The vulgar language used on network television makes many parents with young children uninterested in cable subscriptions.	The vulgar language used on network television makes many parents with young children uninterested in cable subscriptions.	NO. The German translation is not completely correct. A better translation would be: "Die vulgäre Sprache, die im Netzwerkfernsehen verwendet wird, veranlasst viele Eltern mit kleinen Kindern dazu, kein Kabelfernsehen abonnieren zu wollen."	NO. The German translation is not completely accurate. A better translation would be: "Die unflätige Sprache, die im Netzwerkfernsehen verwendet wird, veranlasst viele Eltern mit kleinen Kindern dazu, kein Kabelabo zu wollen."
1962	e	Food and drink were served in such profusion at the wedding that the bride and groom began to wonder if they should not have invited more guests.	Essen und Trinken wurden bei der Hochzeit in solch einem Überfluss serviert, dass sich die Braut und der Bräutigam zu fragen begannen, ob sie nicht mehr Gäste hätten einladen sollen.	Essen und Trinken wurden bei der Hochzeit in solch einem Überfluss serviert, dass sich die Braut und der Bräutigam zu fragen begannen, ob sie nicht mehr Gäste hätten einladen sollen.	Essen und Trinken wurden bei der Hochzeit in solch einem Überfluss serviert, dass Braut und Bräutigam begannen, sich zu fragen, ob sie nicht mehr Gäste einladen hätten sollen.	Food and drink were served at the wedding in such abundance that the bride and groom began to wonder if they should have invited more guests.	Food and drink were served at the wedding in such abundance that the bride and groom began to wonder if they should have invited more guests.	YES	YES
1965	e	Blind people sometimes develop a compensatory ability to sense the proximity of objects around them.	Blinde Menschen entwickeln manchmal eine kompensatorische Fähigkeit, die Nähe von Objekten um sie herum zu spüren.	Blinde Menschen entwickeln manchmal eine kompensatorische Fähigkeit, die Nähe von Objekten um sie herum zu spüren.	Blinde entwickeln manchmal eine ausgleichende Fähigkeit, die Nähe der Gegenstände um sie herum zu spüren.	Blind people sometimes develop a compensatory ability to sense the proximity of objects around them.	Blind people sometimes develop a compensatory ability to sense the proximity of objects around them.	YES	YES
1967	n	When both girls told John they had feelings for him, he was in a quandary as to which girl he should be with.	Als beide Mädchen John sagten, dass sie Gefühle für ihn hätten, war er unschlüssig, mit welchem Mädchen er zusammen sein sollte.	Als beide Mädchen John sagten, dass sie Gefühle für ihn hätten, war er in einer Zwickmühle, mit welchem Mädchen er zusammen sein sollte.	Als beide Mädchen John sagten, dass sie Gefühle für ihn hatten, wusste der nicht, mit welchem Mädchen er zusammen sein sollte.	When both girls told John that they had feelings for him, he was in a dilemma about which girl he should be with.	When both girls told John that they had feelings for him, he was in a dilemma about which girl he should be with.	YES	YES
1968	n	Even now, many years after the Cold War, there is still much rancor between the Russians and the Germans, especially in areas once occupied by the Soviet Union.	Auch jetzt, viele Jahre nach dem Kalten Krieg, besteht noch viel Groll zwischen den Russen und den Deutschen, insbesondere in Gebieten, die einst von der Sowjetunion besetzt waren.	Auch jetzt, viele Jahre nach dem Kalten Krieg, gibt es immer noch viel Groll zwischen den Russen und den Deutschen, insbesondere in Gebieten, die einst von der Sowjetunion besetzt waren.	Sogar jetzt, viele Jahre nach dem Kalten Krieg, ist immer noch viel Verbitterung zwischen Russen und Deutschen, besonders in Gebieten, die einst von der Sowjetunion besetzt waren.	Even now, many years after the Cold War, there is still much resentment between the Russians and the Germans, especially in areas that were once occupied by the Soviet Union.	Even now, many years after the Cold War, there is still much resentment between the Russians and the Germans, especially in areas that were once occupied by the Soviet Union.	YES	YES
1969	n	The defense lawyer was confident that he would be able to answer the prosecutor's arguments in his rebuttal.	Der Verteidigungsanwalt war sich sicher, dass er in der Lage sein würde, auf die Argumente des Staatsanwalts in seiner Erwiderung zu antworten.	Der Verteidigungsanwalt war zuversichtlich, dass er in seiner Erwiderung die Argumente des Staatsanwalts beantworten könnte.		The defense attorney was confident that he could address the prosecutor's arguments in his response.	The defense attorney was confident that he could address the prosecutor's arguments in his response.	YES	YES
1971	e	Teachers must get tired of rectifying the same mistakes over and over again in their students' papers.	Lehrer müssen es satt haben, immer wieder die gleichen Fehler in den Arbeiten ihrer Schüler zu korrigieren.	Lehrer müssen es satt haben, immer wieder die gleichen Fehler in den Arbeiten ihrer Schüler zu korrigieren.	Lehrer müssen es leid sein, wieder und wieder die gleichen Fehler in den Arbeiten ihrer Schüler zu korrigieren.	Teachers must be fed up with constantly correcting the same mistakes in their students' work.	Teachers must be fed up with constantly correcting the same mistakes in their students' work.	YES	YES
1976	n	Shocked by the events of September 11th, politicians all over the world condemned the terrorists for their reprehensible deed.	Schockiert von den Ereignissen des 11. September verurteilten Politiker auf der ganzen Welt die Terroristen für ihre verwerfliche Tat.	Erschüttert von den Ereignissen des 11. September verurteilten Politiker auf der ganzen Welt die Terroristen für ihre verwerfliche Tat.	Schockiert durch die Ereignisse des 11. September, verurteilten Politiker in der ganzen Welt die Terroristen für ihre verwerfliche Tat.	Shaken by the events of September 11th, politicians around the world condemned the terrorists for their reprehensible act.	Shaken by the events of September 11th, politicians around the world condemned the terrorists for their reprehensible act.	YES	YES
1982	e	To win his audience, the speaker resorted to using rhetorical techniques he learned from his communication courses.	Um sein Publikum zu gewinnen, griff der Redner auf rhetorische Techniken zurück, die er in seinen Kommunikationskursen gelernt hatte.	Um sein Publikum zu gewinnen, griff der Redner auf rhetorische Techniken zurück, die er in seinen Kommunikationskursen gelernt hatte.	Um sein Publikum für sich zu gewinnen, griff der Redner auf die Anwendung rhetorischer Techniken zurück, die er in seinen Kommunikationskursen gelernt hatte.	To win over his audience, the speaker resorted to rhetorical techniques that he had learned in his communication courses.	To win over his audience, the speaker resorted to rhetorical techniques that he had learned in his communication courses.	YES	YES
1983	e	His father would never sanction his engagement to a girl who did not share the same religious beliefs as their family.	Sein Vater würde niemals seine Verlobung mit einem Mädchen billigen, das nicht die gleichen religiösen Überzeugungen wie ihre Familie teilt.	Sein Vater würde niemals seine Verlobung mit einem Mädchen billigen, das nicht die gleichen religiösen Überzeugungen wie ihre Familie teilt.	Sein Vater würde niemals seine Verlobung mit einem Mädchen billigen, das nicht die religiösen Überzeugungen seiner Familie teilte.	His father would never approve of his engagement to a girl who does not share the same religious beliefs as their family.	His father would never approve of his engagement to a girl who does not share the same religious beliefs as their family.	YES	YES
1985	n	Though Alfred is scrupulous in fulfilling his duties at work, he is less conscientious about his obligations at home.	Obwohl Alfred bei der Erfüllung seiner Pflichten bei der Arbeit gewissenhaft ist, ist er weniger sorgfältig in Bezug auf seine Verpflichtungen zu Hause.	Obwohl Alfred gewissenhaft seine Pflichten bei der Arbeit erfüllt, ist er weniger sorgfältig in Bezug auf seine Verpflichtungen zu Hause.	Obwohl Alfred penibel beim Erfüllen seiner Aufgaben bei der Arbeit ist, ist er weniger gewissenhaft bei seinen Pflichten zu Hause.	Although Alfred conscientiously fulfills his duties at work, he is less careful in regard to his obligations at home.	Although Alfred conscientiously fulfills his duties at work, he is less careful in regard to his obligations at home.	YES	YES
1992	n	Peter was an altruistic video game player; he would give items to people who needed them, rather than selling them for personal profit.	Peter war ein altruistischer Videospieler; er gab Gegenstände an Leute, die sie brauchten, anstatt sie für persönlichen Gewinn zu verkaufen.	Peter war ein altruistischer Videospieler; er würde Gegenstände an Leute geben, die sie brauchten, anstatt sie für persönlichen Gewinn zu verkaufen.	Peter war ein altruistischer Spieler; er gab Dinge an diejenigen weiter, die sie gebrauchen konnten, anstatt sie gewinnbringend zu verkaufen.	Peter was an altruistic video gamer; he would give items to people who needed them, instead of selling them for personal gain.	Peter was an altruistic video gamer; he would give items to people who needed them, instead of selling them for personal gain.	YES	YES
1997	e	Bill Clinton spoke in ambiguous language when asked to describe his relationship with Monica Lewinsky.	Bill Clinton sprach in zweideutiger Sprache, als er gebeten wurde, seine Beziehung zu Monica Lewinsky zu beschreiben.	Bill Clinton sprach in zweideutiger Sprache, als er gebeten wurde, seine Beziehung zu Monica Lewinsky zu beschreiben.	Bill Clinton sprach eine mehrdeutige Sprache, als er gebeten wurde, sein Verhältnis mit Monika Lewinsky zu beschreiben.	Bill Clinton spoke in ambiguous language when he was asked to describe his relationship with Monica Lewinsky.	Bill Clinton spoke in ambiguous language when he was asked to describe his relationship with Monica Lewinsky.	YES	YES
2000	n	The wealthy, self-indulgent young man felt oddly drawn to the strict, ascetic life led by members of some monastic orders.	Der wohlhabende, selbstgefällige junge Mann fühlte sich seltsamerweise von dem strengen, asketischen Leben angezogen, das von Mitgliedern einiger klösterlicher Orden geführt wurde.	Der wohlhabende, selbstsüchtige junge Mann fühlte sich merkwürdig zu dem strengen, asketischen Leben hingezogen, das von Mitgliedern einiger klösterlicher Orden geführt wurde.		The wealthy, selfish young man felt strangely drawn to the strict, ascetic life led by members of some monastic orders.	The wealthy, selfish young man felt strangely drawn to the strict, ascetic life led by members of some monastic orders.	YES	NO. The German translation of "self-indulgent" is not "selbstsüchtig" (selfish), but "genusssüchtig" or "luxusliebend". A better translation would be: "Der wohlhabende, genusssüchtige junge Mann fühlte sich merkwürdig zu dem strengen, asketischen Leben hingezogen, das von Mitgliedern einiger klösterlicher Orden geführt wurde."
2002	n	Baffled by Sherlock Holmes' cryptic remarks, Watson wondered whether Holmes was intentionally concealing his thoughts about the crime.	Verwirrt durch die kryptischen Bemerkungen von Sherlock Holmes, fragte sich Watson, ob Holmes absichtlich seine Gedanken über das Verbrechen verbarg.	Verwirrt von Sherlock Holmes' kryptischen Bemerkungen, fragte sich Watson, ob Holmes absichtlich seine Gedanken über das Verbrechen verbarg.	Verwirrt durch Sherlock Holmes rätselhafte Äußerungen, fragte sich Watson, ob Holmes absichtlich seine Überlegungen zu dem Verbrechen verheimlichte.	Confused by Sherlock Holmes' cryptic remarks, Watson wondered if Holmes was deliberately hiding his thoughts about the crime.	Confused by Sherlock Holmes' cryptic remarks, Watson wondered if Holmes was deliberately hiding his thoughts about the crime.	YES	YES
2004	e	Con artists take advantage of the credulity of inexperienced investors and swindle them out of their money.	Betrüger nutzen die Leichtgläubigkeit unerfahrener Anleger aus und betrügen sie um ihr Geld.	Betrüger nutzen die Leichtgläubigkeit unerfahrener Anleger aus und betrügen sie um ihr Geld.	Trickbetrüger machen sich die Leichtgläubigkeit unerfahrener Geldgeber zu Nutze und betrügen sie um ihr Geld.	Fraudsters exploit the gullibility of inexperienced investors and cheat them out of their money.	Fraudsters exploit the gullibility of inexperienced investors and cheat them out of their money.	YES	YES
2006	e	Even if your sentences were actually senseless, you at least have the luck to be able to form beautiful sentences.	Auch wenn deine Sätze tatsächlich sinnlos wären, hast du zumindest das Glück, schöne Sätze bilden zu können.	Auch wenn deine Sätze tatsächlich sinnlos wären, hast du zumindest das Glück, schöne Sätze bilden zu können.	Selbst wenn deine Sätze tatsächlich sinnfrei waren, hast du zumindest das Glück, schöne Sätze bilden zu können.	Even if your sentences were indeed meaningless, you at least have the luck to be able to form beautiful sentences.	Even if your sentences were indeed meaningless, you at least have the luck to be able to form beautiful sentences.	YES	YES
2008	e	Ray was willing to corroborate Gary's story, but the police were still unconvinced that either of them were telling the truth.	Ray war bereit, Garys Geschichte zu bestätigen, aber die Polizei war immer noch nicht überzeugt, dass einer von ihnen die Wahrheit sagte.	Ray war bereit, Garys Geschichte zu bestätigen, aber die Polizei war immer noch nicht überzeugt, dass einer von ihnen die Wahrheit sagte.	Ray war bereit, Garys Geschichte zu bestätigen, aber die Polizei war noch immer nicht überzeugt, dass einer von beiden die Wahrheit erzählte.	Ray war bereit, Garys Geschichte zu bestätigen, aber die Polizei war immer noch nicht überzeugt, dass einer von den beiden die Wahrheit erzählte.	Ray war bereit, Garys Geschichte zu bestätigen, aber die Polizei war immer noch nicht überzeugt, dass einer von den beiden die Wahrheit erzählte.	NO. The German translation is not completely accurate. The phrase "einer von ihnen" translates to "one of them", but the original English text says "either of them", which implies both of them. A better translation would be: "Ray war bereit, Garys Geschichte zu bestätigen, aber die Polizei war immer noch nicht überzeugt, dass beide die Wahrheit sagten."	NO. The German translation is not completely accurate. The phrase "einer von ihnen" translates to "one of them", but the original English text says "either of them", which implies both of them. A better translation would be: "Ray war bereit, Garys Geschichte zu bestätigen, aber die Polizei war immer noch nicht überzeugt, dass beide die Wahrheit sagten."
2011	e	There was a feeling of constraint in the room; no one dared to tell the king how foolish his decision was.	Es herrschte eine Atmosphäre der Zurückhaltung im Raum; niemand wagte es, dem König zu sagen, wie töricht seine Entscheidung war.	Es herrschte eine Atmosphäre der Zurückhaltung im Raum; niemand wagte es, dem König zu sagen, wie töricht seine Entscheidung war.	Im Raum war eine zurückhaltende Stimmung; niemand wagte, dem König zu sagen, wie unklug seine Entscheidung war.	There was an atmosphere of restraint in the room; no one dared to tell the king how foolish his decision was.	There was an atmosphere of restraint in the room; no one dared to tell the king how foolish his decision was.	YES	YES
2014	n	Even though he had served his time in prison, the murderer was never quite condoned by the public for his crime.	Obwohl er seine Zeit im Gefängnis abgesessen hatte, wurde der Mörder von der Öffentlichkeit nie ganz für seine Tat begnadigt.	Obwohl er seine Zeit im Gefängnis abgesessen hatte, wurde der Mörder von der Öffentlichkeit für sein Verbrechen nie ganz gebilligt.	Obwohl er seine Haftstrafe im Gefängnis abgesessen hatte, verzieh die Öffentlichkeit dem Mörder sein Verbrechen nie ganz.	Although he had served his time in prison, the murderer was never fully approved by the public for his crime.	Although he had served his time in prison, the murderer was never fully approved by the public for his crime.	NO. The German translation is not entirely correct. The word "begnadigt" means "pardoned", which is not the same as "condoned". A better translation would be: "Obwohl er seine Zeit im Gefängnis abgesessen hatte, wurde dem Mörder seine Tat von der Öffentlichkeit nie ganz verziehen."	YES
2021	n	The depravity of the king's deeds led the people to believe he was nothing more than a tyrant that needed to be overthrown.	Die Verderbtheit der Taten des Königs ließ das Volk glauben, dass er nichts weiter als ein Tyrann war, der gestürzt werden musste.	Die Verderbtheit der Taten des Königs ließ das Volk glauben, er sei nichts weiter als ein Tyrann, der gestürzt werden musste.	Die Verderbtheit der Taten des Königs brachte die Leute dazu, zu glauben, dass er nicht mehr als eine Tyrann sei, den man stürzen müsse.	The corruption of the king's actions led the people to believe that he was nothing more than a tyrant who needed to be overthrown.	The corruption of the king's actions led the people to believe that he was nothing more than a tyrant who needed to be overthrown.	YES	YES
2070	e	Sadly many people will believe things told to them via an email which they would find implausible face-to-face.	Leider glauben viele Menschen Dingen, die ihnen per E-Mail mitgeteilt werden, die sie von Angesicht zu Angesicht unglaubwürdig finden würden.	Leider glauben viele Menschen Dingen, die ihnen per E-Mail mitgeteilt werden, die sie von Angesicht zu Angesicht unglaubwürdig finden würden.	Leider würden viele Leute Dinge glauben, die man ihnen per E-Mail sagt, die sie persönlich erzählt nicht plausibel finden würden.	Unfortunately, many people believe things that are communicated to them via email, which they would find unbelievable face to face.	Unfortunately, many people believe things that are communicated to them via email, which they would find unbelievable face to face.	YES	YES
2072	n	The police are really good at understanding "Someone stole my credit card and ran up a lot of charges." It's a lot harder to get them to buy into "Someone stole my magic sword."	Die Polizei versteht sehr gut, wenn jemand meine Kreditkarte gestohlen und viele Kosten verursacht hat. Es ist viel schwieriger, sie davon zu überzeugen, dass jemand mein magisches Schwert gestohlen hat.	Die Polizei ist wirklich gut darin zu verstehen, wenn jemand sagt Jemand hat meine Kreditkarte gestohlen und viele Kosten verursacht. Es ist viel schwieriger, sie davon zu überzeugen, dass Jemand mein magisches Schwert gestohlen hat.	Die Polizei ist gut darin zu verstehen, dass jemand meine Kreditkarte gestohlen hat und viel Geld abgehoben hat. Es ist viel schwieriger, ihnen beizubringen, dass „jemand mein magisches Schwert gestohlen“ hat.	The police are really good at understanding when someone says someone has stolen my credit card and caused a lot of charges. It's much harder to convince them that someone has stolen my magical sword.	The police are really good at understanding when someone says someone has stolen my credit card and caused a lot of charges. It's much harder to convince them that someone has stolen my magical sword.	YES	YES
2132	n	The rooms in this hotel are really very bad at muffling sounds. I can hear my neighbor chewing his gum!	Die Zimmer in diesem Hotel sind wirklich sehr schlecht schallisoliert. Ich kann meinen Nachbarn sein Kaugummi kauen hören!	Die Zimmer in diesem Hotel sind wirklich sehr schlecht darin, Geräusche zu dämpfen. Ich kann meinen Nachbarn sein Kaugummi kauen hören!	Die Zimmer dieses Hotels sind wirklich sehr schlecht schallgedämpft. Ich kann meinen Nachbarn seinen Kaugummi kauen hören!	The rooms in this hotel are really poorly soundproofed. I can hear my neighbor chewing his gum!	The rooms in this hotel are really bad at dampening noise. I can hear my neighbor chewing his gum!	YES	YES
2165	n	I guess my view on friendship is pretty bleak because I've never really had to rely on anyone for anything.	Ich nehme an, meine Sicht auf Freundschaft ist ziemlich düster, weil ich noch nie wirklich auf jemanden für irgendetwas angewiesen war.	Ich schätze, meine Sicht auf Freundschaft ist ziemlich düster, weil ich noch nie wirklich auf jemanden für irgendetwas angewiesen war.	Vermutlich ist meine Ansicht von Freundschaft recht trostlos, denn ich musste mich nie ernsthaft wegen irgendetwas auf irgendjemanden verlassen.	I assume my view on friendship is quite bleak, because I've never really had to rely on anyone for anything.	I guess my view on friendship is quite bleak, because I have never really relied on anyone for anything.	YES	YES
2209	e	The seven questions that an engineer has to ask himself are: who, what, when, where, why, how and how much.	Die sieben Fragen, die sich ein Ingenieur stellen muss, sind: wer, was, wann, wo, warum, wie und wie viel.	Die sieben Fragen, die sich ein Ingenieur stellen muss, sind: wer, was, wann, wo, warum, wie und wie viel.	Die sieben Fragen, die sich ein Ingenieur stellen muss, sind: wer, was, wann, wo, warum, wie und wie viel.	The seven questions an engineer must ask himself are: who, what, when, where, why, how, and how much.	The seven questions an engineer must ask himself are: who, what, when, where, why, how, and how much.	YES	YES
2252	n	Why did you wake me up to tell me something that big? Now, I'll never be able to concentrate on my work!	Warum hast du mich geweckt, um mir etwas so Wichtiges zu sagen? Jetzt werde ich mich nie wieder auf meine Arbeit konzentrieren können!	Warum hast du mich geweckt, um mir so etwas Wichtiges zu sagen? Jetzt werde ich mich nie wieder auf meine Arbeit konzentrieren können!	Warum hast du mich aufgeweckt, um mir etwas so wichtiges zu erzählen? Jetzt werde ich mich nie auf meine Arbeit konzentrieren können!	Why did you wake me up to tell me something so important? Now, I will never be able to concentrate on my work again!	Why have you woken me up to tell me something so important? Now I will never be able to concentrate on my work again!	YES	YES
2257	e	Sometimes Spenser cares so much about Trang that he leads her to believe he is being overprotective.	Manchmal kümmert sich Spenser so sehr um Trang, dass er sie glauben lässt, er sei überfürsorglich.	Manchmal kümmert sich Spenser so sehr um Trang, dass er sie glauben lässt, er sei überfürsorglich.	Manchmal sorgt sich Spenser so sehr um Trang, dass er sie dazu bringt, zu glauben, dass er überfürsorglich ist.	Sometimes Spenser cares so much about Trang that he makes her believe he is overprotective.	Sometimes Spenser cares so much about Trang that he makes her believe he is overprotective.	YES	YES
2259	e	The most perfidious way of harming a cause consists of defending it deliberately with faulty arguments.	Die perfideste Art, einer Sache zu schaden, besteht darin, sie absichtlich mit fehlerhaften Argumenten zu verteidigen.	Die perfideste Art, einer Sache zu schaden, besteht darin, sie absichtlich mit fehlerhaften Argumenten zu verteidigen.	Die perfideste Art einer Sache zu schaden ist, sie absichtlich mit fehlerhaften Gründen verteidigen.	The most perfidious way to harm a cause is to deliberately defend it with flawed arguments.	The most perfidious way to harm a cause is to deliberately defend it with flawed arguments.	YES	YES
2261	e	As he sits in the dark, typing away at his computer, he hears the sound of morning birds chirping away and realizes he has been up all night - but the insomniac still refuses to sleep.	Während er im Dunkeln sitzt und an seinem Computer tippt, hört er das Zwitschern der Morgenvögel und erkennt, dass er die ganze Nacht wach war - aber der Schlaflose weigert sich immer noch zu schlafen.	Während er im Dunkeln sitzt und an seinem Computer tippt, hört er das Zwitschern der Morgenvögel und erkennt, dass er die ganze Nacht wach war - aber der Schlaflose weigert sich immer noch zu schlafen.		As he sits in the dark typing on his computer, he hears the chirping of the morning birds and realizes that he has been awake all night - but the insomniac still refuses to sleep.	As he sits in the dark typing on his computer, he hears the chirping of the morning birds and realizes that he has been awake all night - but the insomniac still refuses to sleep.	YES	YES
2265	n	The second half of a man's life is made up of nothing but the habits he has acquired during the first half.	Die zweite Hälfte des Lebens eines Mannes besteht aus nichts anderem als den Gewohnheiten, die er in der ersten Hälfte erworben hat.	Die zweite Hälfte eines Mannes Leben besteht nur aus den Gewohnheiten, die er in der ersten Hälfte erworben hat.	Die zweite Hälfte des Lebens eines Menschen besteht nur aus den Gewohnheiten, die er sich während der ersten Hälfte angeeignet hat.	The second half of a man's life consists of nothing but the habits he acquired in the first half.	The second half of a man's life consists only of the habits he acquired in the first half.	YES	YES
2267	n	Girls are more likely than boys to be malnourished, suffer poverty, face violence and be refused an education, according to a new report.	Mädchen sind laut einem neuen Bericht eher als Jungen unterernährt, leiden unter Armut, sind Gewalt ausgesetzt und wird eine Bildung verweigert.	Mädchen sind laut einem neuen Bericht eher als Jungen unterernährt, leiden unter Armut, sind Gewalt ausgesetzt und werden einer Bildung verweigert.	Gemäß eines neuen Berichts ist für Mädchen die Wahrscheinlichkeit höher als für Jungen, unter schlechter Ernährung, Armut und Gewalt zu leiden und eine Ausbildung verweigert zu bekommen.	Girls are more likely to be malnourished, suffer from poverty, face violence, and be denied an education than boys, according to a new report.	Girls are more likely to be malnourished than boys, suffer from poverty, are exposed to violence, and are denied education, according to a new report.	YES	YES
2269	e	On May 18, a young Japanese couple was arrested after their one-year-old baby was found wrapped in a plastic bag and dumped in a gutter.	Am 18. Mai wurde ein junges japanisches Paar verhaftet, nachdem ihr einjähriges Baby in einer Plastiktüte eingewickelt und in einem Abflusskanal gefunden wurde.	Am 18. Mai wurde ein junges japanisches Paar verhaftet, nachdem ihr einjähriges Baby in einer Plastiktüte eingewickelt und in einem Abflusskanal gefunden wurde.		On May 18, a young Japanese couple was arrested after their one-year-old baby was found wrapped in a plastic bag and left in a drainage canal.	On May 18, a young Japanese couple was arrested after their one-year-old baby was found wrapped in a plastic bag and left in a drainage canal.	YES	YES
2270	e	We are haunted by an ideal life, and it is because we have within us the beginning and the possibility for it.	Wir werden von einem idealen Leben verfolgt, und das liegt daran, dass wir in uns den Anfang und die Möglichkeit dafür haben.	Wir werden von einem idealen Leben verfolgt, und das liegt daran, dass wir in uns den Anfang und die Möglichkeit dafür haben.	Wir jagen einem idealen Leben hinterher, weil wir in uns den Anfang und die Möglichkeit dazu haben.	We are pursued by an ideal life, and that's because we have the beginning and the possibility for it within us.	We are pursued by an ideal life, and that's because we have the beginning and the possibility for it within us.	YES	YES
2272	e	The scientific theory I like the best is that the rings of Saturn are composed entirely of lost luggage.	Die wissenschaftliche Theorie, die mir am besten gefällt, ist, dass die Ringe des Saturns vollständig aus verlorenem Gepäck bestehen.	Die wissenschaftliche Theorie, die mir am besten gefällt, ist, dass die Ringe des Saturns vollständig aus verlorenem Gepäck bestehen.	Die wissenschaftliche Theorie, die mir am besten gefällt, ist, dass die Ringe des Saturn vollständig aus verlorenem Gepäck bestehen.	The scientific theory I like the most is that the rings of Saturn are entirely made up of lost luggage.	The scientific theory I like the most is that the rings of Saturn are entirely made up of lost luggage.	YES	YES
2280	n	Never lose sight of the importance of a beautiful sunrise, or watching your kids sleep, or the smell of rain. It's often the small things that really matter in life.	Verliere niemals aus den Augen, wie wichtig ein schöner Sonnenaufgang ist, oder deine Kinder beim Schlafen zu beobachten, oder der Geruch von Regen. Oft sind es die kleinen Dinge, die im Leben wirklich zählen.	Verliere niemals aus den Augen, wie wichtig ein schöner Sonnenaufgang ist, oder deine schlafenden Kinder zu beobachten, oder der Geruch von Regen. Oft sind es die kleinen Dinge, die im Leben wirklich zählen.	Vergesst nie, was es bedeutet, einen wundervollen Sonnenaufgang zu sehen, seine Kinder beim Schlafen zu beobachten oder den Regen zu riechen. Es sind oft die kleinen Dinge, die wirklich wichtig sind im Leben.	Never lose sight of how important a beautiful sunrise is, or watching your children sleep, or the smell of rain. Often, it's the little things that really count in life.	Never lose sight of how important a beautiful sunrise is, or watching your sleeping children, or the smell of rain. Often, it's the little things that really count in life.	YES	YES
2290	n	Advertising may be described as the science of arresting the human intelligence long enough to get money from it.	Werbung kann als die Wissenschaft beschrieben werden, die menschliche Intelligenz lange genug zu fesseln, um Geld daraus zu ziehen.	Werbung kann als die Wissenschaft beschrieben werden, die menschliche Intelligenz lange genug zu fesseln, um Geld daraus zu bekommen.	Werbung könnte man beschreiben als die Wissenschaft davon, wie man die menschliche Intelligenz lange genug ausschaltet, um Geld daraus zu gewinnen.	Advertising can be described as the science of captivating human intelligence long enough to extract money from it.	Advertising can be described as the science of captivating human intelligence long enough to make money from it.	YES	YES
2294	n	That's the thing about people who think they hate computers. What they really hate is lousy programmers.	Das ist das Ding bei Leuten, die glauben, sie hassen Computer. Was sie wirklich hassen, sind schlechte Programmierer.	Das ist das Ding bei Leuten, die denken, sie hassen Computer. Was sie wirklich hassen, sind miserable Programmierer.	Die Sache mit Leuten, die meinen, Computer zu hassen, ist diese: in Wirklichkeit hassen sie lausige Programmierer.	That's the thing about people who think they hate computers. What they really hate are bad programmers.	That's the thing about people who think they hate computers. What they really hate are lousy programmers.	YES	YES
2295	e	It is not the strongest of the species that survives, not the most intelligent, but the one most responsive to change.	Es ist nicht die stärkste Spezies, die überlebt, auch nicht die intelligenteste, sondern diejenige, die am besten auf Veränderungen reagiert.	Es ist nicht die stärkste Spezies, die überlebt, auch nicht die intelligenteste, sondern diejenige, die am besten auf Veränderungen reagiert.	Es ist nicht die stärkste Spezies, die überlebt, auch nicht die intelligenteste, sondern die reaktionsfähigste gegenüber Veränderungen.	It is not the strongest species that survives, nor the most intelligent, but the one that responds best to change.	It is not the strongest species that survives, nor the most intelligent, but the one that responds best to change.	YES	YES
2342	n	If you see a man approaching you with the obvious intention of doing you good, you should run for your life.	Wenn Sie einen Mann auf sich zukommen sehen mit der offensichtlichen Absicht, Ihnen Gutes zu tun, sollten Sie um Ihr Leben rennen.	Wenn Sie einen Mann auf sich zukommen sehen, der offensichtlich die Absicht hat, Ihnen Gutes zu tun, sollten Sie um Ihr Leben rennen.	Wenn Sie einen Mann auf sich zukommen sehen in der offenkundigen Absicht, Ihnen etwas Gutes zu tun, dann sollten Sie um Ihr Leben rennen.	If you see a man approaching you with the obvious intention of doing you good, you should run for your life.	If you see a man approaching you who obviously intends to do you good, you should run for your life.	YES	YES
2363	e	In business today, too many executives spend money they haven't earned, to buy things they don't need, to impress people they don't even like.	Im Geschäftsleben geben heute zu viele Führungskräfte Geld aus, das sie nicht verdient haben, um Dinge zu kaufen, die sie nicht brauchen, um Menschen zu beeindrucken, die sie nicht einmal mögen.	Im Geschäftsleben geben heute zu viele Führungskräfte Geld aus, das sie nicht verdient haben, um Dinge zu kaufen, die sie nicht brauchen, um Menschen zu beeindrucken, die sie nicht einmal mögen.		In the business world today, too many executives spend money they haven't earned, to buy things they don't need, to impress people they don't even like.	In the business world today, too many executives spend money they haven't earned, to buy things they don't need, to impress people they don't even like.	YES	YES
2382	n	At this stage there is still not a clear energy policy for bringing decentralised power to rural areas.	In diesem Stadium gibt es immer noch keine klare Energiepolitik zur Bereitstellung dezentralisierter Energie für ländliche Gebiete.	In diesem Stadium gibt es immer noch keine klare Energiepolitik für die Bereitstellung dezentraler Energie in ländlichen Gebieten.		At this stage, there is still no clear energy policy for providing decentralized energy to rural areas.	At this stage, there is still no clear energy policy for the provision of decentralized energy in rural areas.	YES	YES
2385	n	Why are you telling me about hippos all of the sudden? I don't see the connection between that and your twelve red goldfishes.	Warum erzählst du mir plötzlich von Flusspferden? Ich sehe den Zusammenhang zwischen dem und deinen zwölf roten Goldfischen nicht.	Warum erzählst du mir plötzlich von Flusspferden? Ich sehe die Verbindung zwischen dem und deinen zwölf roten Goldfischen nicht.	Wieso erzählst du mir plötzlich von Nilpferden? Ich sehe den Zusammenhang zwischen ihnen und deinen zwölf Goldfischen nicht.	Why are you suddenly telling me about hippos? I don't see the connection between that and your twelve red goldfish.	Why are you suddenly telling me about hippopotamuses? I don't see the connection between that and your twelve red goldfish.	YES	YES
2477	n	Every man's work, whether it be literature or music or a picture or architecture or anything else, is always a portrait of himself.	Jedes Werk eines Mannes, ob es Literatur oder Musik oder ein Bild oder Architektur oder irgendetwas anderes ist, ist immer ein Porträt von ihm selbst.	Jedes Werk eines Mannes, sei es Literatur oder Musik oder ein Bild oder Architektur oder irgendetwas anderes, ist immer ein Porträt von ihm selbst.	Das Schaffen eines jeden Menschen, ob in Literatur, Musik, Malerei, Architektur oder beliebigem anderem Bereiche, ist immer ein Bildnis seiner selbst.	Every work of a man, whether it is literature or music or a picture or architecture or anything else, is always a portrait of himself.	Every work of a man, be it literature or music or a picture or architecture or anything else, is always a portrait of himself.	YES	YES
